{"steps":89,"epoch":0,"_timestamp":1.7833048509185555e+09,"loss":0.1787109375,"_runtime":243,"gradient_size":0.00031415219137382905,"_step":88,"_wandb":{"runtime":243},"t":0.6256340742111206}