{"_runtime":243,"_step":90,"t":0.8963439464569092,"steps":91,"epoch":0,"_wandb":{"runtime":243},"gradient_size":0.0005987607633372227,"loss":0.171875,"_timestamp":1.783312879538659e+09}