{"epoch":0,"_step":794,"t":0.22919943928718567,"_wandb":{"runtime":1588},"loss":0.212890625,"_timestamp":1.783304441923068e+09,"gradient_size":0.0003133200594654902,"steps":795,"_runtime":1588}